filename,text
images/image_0000.png,RONALDO
images/image_0001.png,7
images/image_0002.png,SEACREST
images/image_0003.png,BEACH
images/image_0004.png,BALLYS
images/image_0005.png,STATION
images/image_0006.png,ENTRANCE
images/image_0007.png,Carp
images/image_0008.png,Team
images/image_0009.png,eBizu
images/image_0010.png,DAILY
images/image_0011.png,IMPERIAL
images/image_0012.png,COLLEGE
images/image_0013.png,LONDON
images/image_0014.png,academy
images/image_0015.png,entrance
images/image_0016.png,18
images/image_0017.png,78
images/image_0018.png,NIL
images/image_0019.png,SATIS
images/image_0020.png,NISI
images/image_0021.png,OPTIMUM
images/image_0022.png,Everton
images/image_0023.png,ARSHAVIN
images/image_0024.png,23
images/image_0025.png,BIERHOFF
images/image_0026.png,20
images/image_0027.png,ACM
images/image_0028.png,1899
images/image_0029.png,WEST
images/image_0030.png,HAM
images/image_0031.png,UNITED
images/image_0032.png,ARSENAL
images/image_0033.png,FOOT
images/image_0034.png,BALL
images/image_0035.png,CLUB
images/image_0036.png,SINCE
images/image_0037.png,1886
images/image_0038.png,LE
images/image_0039.png,GROVE
images/image_0040.png,1
images/image_0041.png,WALCOTT
images/image_0042.png,14
images/image_0043.png,ARSENAL
images/image_0044.png,ARTETA
images/image_0045.png,6
images/image_0046.png,JOACHIM
images/image_0047.png,12
images/image_0048.png,KNIGHT
images/image_0049.png,16
images/image_0050.png,BAKER
images/image_0051.png,32
images/image_0052.png,ASTON
images/image_0053.png,VILLA
images/image_0054.png,BALLACK
images/image_0055.png,13
images/image_0056.png,STARBUCKS
images/image_0057.png,COFFEE
images/image_0058.png,SAMSUNG
images/image_0059.png,mobile
images/image_0060.png,CHELSEA
images/image_0061.png,FOOTBALL
images/image_0062.png,CLUB
images/image_0063.png,CHELSEA
images/image_0064.png,FOOTBALL
images/image_0065.png,CLUB
images/image_0066.png,ESSIEN
images/image_0067.png,5
images/image_0068.png,TERRY
images/image_0069.png,26
images/image_0070.png,DONOVAN
images/image_0071.png,9
images/image_0072.png,ARTETA
images/image_0073.png,6
images/image_0074.png,CHELSEA
images/image_0075.png,FOOTBALL
images/image_0076.png,CLUB
images/image_0077.png,TORRES
images/image_0078.png,9
images/image_0079.png,CHELSEA
images/image_0080.png,FOOTBALL
images/image_0081.png,CLUB
images/image_0082.png,CHELSEA
images/image_0083.png,JARRETT
images/image_0084.png,GEMBIRA
images/image_0085.png,LOKA
images/image_0086.png,AVILON
images/image_0087.png,Celebrating
images/image_0088.png,LIFE
images/image_0089.png,IL
images/image_0090.png,MERCATO
images/image_0091.png,VACATION.
images/image_0092.png,VINYL
images/image_0093.png,NEWCASTLE
images/image_0094.png,UNITED
images/image_0095.png,STUBHUB
images/image_0096.png,12
images/image_0097.png,V. PERSIE
images/image_0098.png,20
images/image_0099.png,MANCHESTER
images/image_0100.png,UNITED
images/image_0101.png,SOUTHAMPTON
images/image_0102.png,PUBLICK
images/image_0103.png,HOUSE
images/image_0104.png,BURTON
images/image_0105.png,IPA
images/image_0106.png,LONG
images/image_0107.png,ISLAND'S
images/image_0108.png,ORIGINAL
images/image_0109.png,CRAFT
images/image_0110.png,BREWERY
images/image_0111.png,LUNDEKVAM
images/image_0112.png,5
images/image_0113.png,ALLAHABAD
images/image_0114.png,UNIVERSITY
images/image_0115.png,QUOT
images/image_0116.png,RAMI
images/image_0117.png,TOT
images/image_0118.png,ARBORES
images/image_0119.png,START
images/image_0120.png,F I N I S H
images/image_0121.png,FRIENDSHIP
images/image_0122.png,TOTTENHAM
images/image_0123.png,1ST.
images/image_0124.png,nVIDIA
images/image_0125.png,meant
images/image_0126.png,to
images/image_0127.png,be
images/image_0128.png,played
images/image_0129.png,WEST
images/image_0130.png,HAM
images/image_0131.png,UNITED
images/image_0132.png,NANI
images/image_0133.png,WEST
images/image_0134.png,HAM
images/image_0135.png,WEST
images/image_0136.png,HAM
images/image_0137.png,UNITED
images/image_0138.png,WIGAN
images/image_0139.png,ATHLETIC
images/image_0140.png,Heinz
images/image_0141.png,BAKED
images/image_0142.png,BEANZ
images/image_0143.png,1869
images/image_0144.png,in
images/image_0145.png,tomato
images/image_0146.png,sauce
images/image_0147.png,ESTD
images/image_0148.png,ESTD
images/image_0149.png,WIGAN
images/image_0150.png,1932
images/image_0151.png,ATHLETIC
images/image_0152.png,WEST
images/image_0153.png,BROMWICH
images/image_0154.png,ALBION
images/image_0155.png,Lest
images/image_0156.png,We
images/image_0157.png,FORGET
images/image_0158.png,BRIDGESTONE
images/image_0159.png,Tokyo
images/image_0160.png,Disneyland
images/image_0161.png,20
images/image_0162.png,YEARS
images/image_0163.png,THE
images/image_0164.png,KINGDOM
images/image_0165.png,OF
images/image_0166.png,DREAMS
images/image_0167.png,MACIC
images/image_0168.png,CHRISTMAS
images/image_0169.png,2003
images/image_0170.png,FANTASY
images/image_0171.png,DENVER
images/image_0172.png,BEER
images/image_0173.png,CO.
images/image_0174.png,AFCEA
images/image_0175.png,NOVA
images/image_0176.png,NAVAL
images/image_0177.png,IT
images/image_0178.png,DAY
images/image_0179.png,B M W
images/image_0180.png,HUTCHINSON
images/image_0181.png,THE
images/image_0182.png,SCOTTISH
images/image_0183.png,SALMON
images/image_0184.png,COMPANY
images/image_0185.png,CHATHAM-KENT
images/image_0186.png,POLICE
images/image_0187.png,To
images/image_0188.png,Serve
images/image_0189.png,and
images/image_0190.png,Protect
images/image_0191.png,SCOTT'S
images/image_0192.png,FAMILY
images/image_0193.png,ITALIAN
images/image_0194.png,CUISINE
images/image_0195.png,BAR
images/image_0196.png,MAPLES
images/image_0197.png,TAVERN
images/image_0198.png,EST
images/image_0199.png,2011
images/image_0200.png,CROCODILES
images/image_0201.png,NO
images/image_0202.png,SWIMMING
images/image_0203.png,WELCOME
images/image_0204.png,TO
images/image_0205.png,HISTORIC
images/image_0206.png,Battery
images/image_0207.png,Point
images/image_0208.png,OLDTOWN
images/image_0209.png,WHITE
images/image_0210.png,COFFEE
images/image_0211.png,OLDTOWN
images/image_0212.png,WHITE
images/image_0213.png,COFFEE
images/image_0214.png,RESTAURANT
images/image_0215.png,BAR
images/image_0216.png,SINGH'S
images/image_0217.png,CARIBBEAN
images/image_0218.png,CUISINE
images/image_0219.png,MICHELIN
images/image_0220.png,M O D
images/image_0221.png,TM
images/image_0222.png,FLYING
images/image_0223.png,HORSES
images/image_0224.png,AMERICA'S
images/image_0225.png,OLDEST
images/image_0226.png,CAROUSEL
images/image_0227.png,NATIONAL
images/image_0228.png,REGISTER
images/image_0229.png,OF
images/image_0230.png,HISTORIC
images/image_0231.png,PLACES
images/image_0232.png,Le
images/image_0233.png,Grenier
images/image_0234.png,à
images/image_0235.png,Pain
images/image_0236.png,"10,000"
images/image_0237.png,BUSINESS
images/image_0238.png,INVEST
images/image_0239.png,2012
images/image_0240.png,campaign
images/image_0241.png,www.businessinvest.co.uk
images/image_0242.png,KOLIND
images/image_0243.png,KORESKOLE
images/image_0244.png,North
images/image_0245.png,Union
images/image_0246.png,WILDCATS
images/image_0247.png,CHINESE
images/image_0248.png,FOOD
images/image_0249.png,OPEN
images/image_0250.png,EAT
images/image_0251.png,IN
images/image_0252.png,TAKE
images/image_0253.png,OUT
images/image_0254.png,POLICE
images/image_0255.png,STATION
images/image_0256.png,THE
images/image_0257.png,TABLE
images/image_0258.png,BARBEQUE
images/image_0259.png,PEOPLE
images/image_0260.png,handmade
images/image_0261.png,chocolates
images/image_0262.png,aishahaleyes.blogspot.com
images/image_0263.png,Exclusive
images/image_0264.png,to
images/image_0265.png,Cadbury
images/image_0266.png,World
images/image_0267.png,DAIRY
images/image_0268.png,MILK
images/image_0269.png,Smooth
images/image_0270.png,Chocolate
images/image_0271.png,Mousse
images/image_0272.png,STARBUCKS
images/image_0273.png,COFFEE
images/image_0274.png,K I A
images/image_0275.png,MOTORS
images/image_0276.png,halal
images/image_0277.png,STAR
images/image_0278.png,welcome
images/image_0279.png,SNACK
images/image_0280.png,TAGINE
images/image_0281.png,COBRA
images/image_0282.png,SHOW
images/image_0283.png,THAILAND
images/image_0284.png,Frikkie
images/image_0285.png,du
images/image_0286.png,Toit
images/image_0287.png,Safaris
